INSERT INTO `indra_biblioteca`.`tipo_libro` (`id`,`tipo_libro`) VALUES ('1','Novela');
INSERT INTO `indra_biblioteca`.`tipo_libro` (`id`,`tipo_libro`) VALUES ('2','Teatro');
INSERT INTO `indra_biblioteca`.`tipo_libro` (`id`,`tipo_libro`) VALUES ('3','Poesia');
INSERT INTO `indra_biblioteca`.`tipo_libro` (`id`,`tipo_libro`) VALUES ('4','Ensayo');
INSERT INTO `indra_biblioteca`.`estado_copia` (`id`,`estado`) VALUES ('1','Prestada');
INSERT INTO `indra_biblioteca`.`estado_copia` (`id`,`estado`) VALUES ('2','Retraso');
INSERT INTO `indra_biblioteca`.`estado_copia` (`id`,`estado`) VALUES ('3','Reparación');
INSERT INTO `indra_biblioteca`.`multa` (`id`, `f_fin`, `f_inicio`) VALUES ('1', '2020-01-26', '2020-01-28');
INSERT INTO `indra_biblioteca`.`multa` (`id`, `f_fin`, `f_inicio`) VALUES ('2', '2020-07-20', '2020-09-02');
INSERT INTO `indra_biblioteca`.`multa` (`id`, `f_fin`, `f_inicio`) VALUES ('3', '2020-09-14', '2020-12-06');
INSERT INTO `indra_biblioteca`.`multa` (`id`, `f_fin`, `f_inicio`) VALUES ('4', '2021-01-16', '2021-01-26');
INSERT INTO `indra_biblioteca`.`multa` (`id`, `f_fin`, `f_inicio`) VALUES ('5', '2021-03-09', '2021-04-26');
INSERT INTO `indra_biblioteca`.`multa` (`id`, `f_fin`, `f_inicio`) VALUES ('6', '2021-05-02', '2021-06-26');
INSERT INTO `indra_biblioteca`.`multa` (`id`, `f_fin`, `f_inicio`) VALUES ('7', '2022-01-01', '2022-01-26');
INSERT INTO `indra_biblioteca`.`multa` (`id`, `f_fin`, `f_inicio`) VALUES ('8', '2022-01-01', '2022-02-26');
INSERT INTO `indra_biblioteca`.`multa` (`id`, `f_fin`, `f_inicio`) VALUES ('9', '2022-01-22', '2022-02-29');
INSERT INTO `indra_biblioteca`.`multa` (`id`, `f_fin`, `f_inicio`) VALUES ('10', '2022-01-26', '2022-02-20');
INSERT INTO `indra_biblioteca`.`lector` (`n_socio`, `direccion`, `nombre`, `telefono`) VALUES ('1', 'c/ Falsa 1', 'Alvaro', '666666666');
INSERT INTO `indra_biblioteca`.`lector` (`n_socio`, `direccion`, `nombre`, `telefono`, `fk_multa`) VALUES ('2', 'c/ Falsa 2', 'Antonio', '666666667', '1');
INSERT INTO `indra_biblioteca`.`lector` (`n_socio`, `direccion`, `nombre`, `telefono`) VALUES ('3', 'c/ Falsa 3', 'Maria', '666666666');
INSERT INTO `indra_biblioteca`.`lector` (`n_socio`, `direccion`, `nombre`, `telefono`) VALUES ('4', 'c/ Falsa 1', 'Rocio', '666666666');
INSERT INTO `indra_biblioteca`.`lector` (`n_socio`, `direccion`, `nombre`, `telefono`, `fk_multa`) VALUES ('5', 'c/ Falsa 2', 'Claudia', '666666667', '2');
INSERT INTO `indra_biblioteca`.`lector` (`n_socio`, `direccion`, `nombre`, `telefono`, `fk_multa`) VALUES ('6', 'c/ Falsa 2', 'Martin', '666666667', '3');
INSERT INTO `indra_biblioteca`.`autor` (`id`,`fecha_nacimiento`, `nacionalidad`, `nombre`) VALUES ('1','1990-04-01', 'Español', 'Fernando J');
INSERT INTO `indra_biblioteca`.`autor` (`id`,`fecha_nacimiento`, `nacionalidad`, `nombre`) VALUES ('2','200-08-04', 'Italiano', 'Mario K');
INSERT INTO `indra_biblioteca`.`autor` (`id`,`fecha_nacimiento`, `nacionalidad`, `nombre`) VALUES ('3','1992-07-08', 'Español', 'Antonio M');
INSERT INTO `indra_biblioteca`.`autor` (`id`,`fecha_nacimiento`, `nacionalidad`, `nombre`) VALUES ('4','1900-04-12', 'Frances', 'Lira B');
INSERT INTO `indra_biblioteca`.`autor` (`id`,`fecha_nacimiento`, `nacionalidad`, `nombre`) VALUES ('5','1950-09-22', 'Italiano', 'Luigi K');
INSERT INTO `indra_biblioteca`.`autor` (`id`,`fecha_nacimiento`, `nacionalidad`, `nombre`) VALUES ('6','1960-11-16', 'Italiano', 'Peach K');
INSERT INTO `indra_biblioteca`.`autor` (`id`,`fecha_nacimiento`, `nacionalidad`, `nombre`) VALUES ('7','2001-06-18', 'Español', 'Maria F');
INSERT INTO `indra_biblioteca`.`autor` (`id`,`fecha_nacimiento`, `nacionalidad`, `nombre`) VALUES ('8','2004-02-26', 'Italiano', 'Fermin T');
INSERT INTO `indra_biblioteca`.`autor` (`id`,`fecha_nacimiento`, `nacionalidad`, `nombre`) VALUES ('9','1992-05-28', 'Frances', 'Marian W');
INSERT INTO `indra_biblioteca`.`autor` (`id`,`fecha_nacimiento`, `nacionalidad`, `nombre`) VALUES ('10','1987-01-11', 'Español', 'Luis M');
INSERT INTO `indra_biblioteca`.`autor` (`id`,`fecha_nacimiento`, `nacionalidad`, `nombre`) VALUES ('11','1980-03-25', 'Italiano', 'Margarita K');
INSERT INTO `indra_biblioteca`.`autor` (`id`,`fecha_nacimiento`, `nacionalidad`, `nombre`) VALUES ('12','1974-12-01', 'Frances', 'Luis G');
INSERT INTO `indra_biblioteca`.`autor` (`id`,`fecha_nacimiento`, `nacionalidad`, `nombre`) VALUES ('13','1968-11-03', 'Italiano', 'Fernando K');
INSERT INTO `indra_biblioteca`.`autor` (`id`,`fecha_nacimiento`, `nacionalidad`, `nombre`) VALUES ('14','1969-07-11', 'Español', 'Jesus F');
INSERT INTO `indra_biblioteca`.`autor` (`id`,`fecha_nacimiento`, `nacionalidad`, `nombre`) VALUES ('15','1957-10-17', 'Italiano', 'Manu K');
INSERT INTO `indra_biblioteca`.`libro` (`id`,`anyo`, `editorial`, `titulo`, `fk_autor`,`fk_tipo_libro`) VALUES ('1','2001', 'Susaya', 'Lo que el viento se llevo ', '1', '1');
INSERT INTO `indra_biblioteca`.`libro` (`id`,`anyo`, `editorial`, `titulo`, `fk_autor`, `fk_tipo_libro`) VALUES ('2','2002', 'Arisa', 'Mil formas de morir', '2', '2');
INSERT INTO `indra_biblioteca`.`libro` (`id`,`anyo`, `editorial`, `titulo`, `fk_autor`, `fk_tipo_libro`) VALUES ('3','2002', 'Airas', 'Mil formas de vivir', '2', '2');
INSERT INTO `indra_biblioteca`.`libro` (`id`,`anyo`, `editorial`, `titulo`, `fk_autor`, `fk_tipo_libro`) VALUES ('4','2005', 'ED', 'El tonto, el malo y el guapo', '4', '3');
INSERT INTO `indra_biblioteca`.`libro` (`id`,`anyo`, `editorial`, `titulo`, `fk_autor`, `fk_tipo_libro`) VALUES ('5','2006', 'Marin', 'Dispara', '7', '4');
INSERT INTO `indra_biblioteca`.`libro` (`id`,`anyo`, `editorial`, `titulo`, `fk_autor`, `fk_tipo_libro`) VALUES ('6','2007', 'Elmo', 'Revienta', '7', '4');
INSERT INTO `indra_biblioteca`.`libro` (`id`,`anyo`, `editorial`, `titulo`, `fk_autor`, `fk_tipo_libro`) VALUES ('7','2008', 'Daos', 'Como ser millonario', '6', '1');
INSERT INTO `indra_biblioteca`.`libro` (`id`,`anyo`, `editorial`, `titulo`, `fk_autor`, `fk_tipo_libro`) VALUES ('8','2010', 'Susaya', 'Como adelgazar', '5', '2');
INSERT INTO `indra_biblioteca`.`libro` (`id`,`anyo`, `editorial`, `titulo`, `fk_autor`, `fk_tipo_libro`) VALUES ('9','2012', 'Susaya', 'Aprende ingles en 2 minutos', '8', '3');
INSERT INTO `indra_biblioteca`.`libro` (`id`,`anyo`, `editorial`, `titulo`, `fk_autor`, `fk_tipo_libro`) VALUES ('10','2014', 'Elmo', 'La super', '3', '3');
INSERT INTO `indra_biblioteca`.`libro` (`id`,`anyo`, `editorial`, `titulo`, `fk_autor`, `fk_tipo_libro`) VALUES ('11','2017', 'Susaya', 'Piensa primero', '9', '4');
INSERT INTO `indra_biblioteca`.`libro` (`id`,`anyo`, `editorial`, `titulo`, `fk_autor`, `fk_tipo_libro`) VALUES ('12','2019', 'Airas', 'Dispara sin mirar', '11', '4');
INSERT INTO `indra_biblioteca`.`libro` (`id`,`anyo`, `editorial`, `titulo`, `fk_autor`, `fk_tipo_libro`) VALUES ('13','2020', 'Susaya', 'Vive primero', '12', '2');
INSERT INTO `indra_biblioteca`.`libro` (`id`,`anyo`, `editorial`, `titulo`, `fk_autor`, `fk_tipo_libro`) VALUES ('14','2021', 'Airas', 'El exito', '14', '3');
INSERT INTO `indra_biblioteca`.`libro` (`id`,`anyo`, `editorial`, `titulo`, `fk_autor`, `fk_tipo_libro`) VALUES ('15','2022', 'Elmo', 'La vida es larga', '13', '4');
INSERT INTO `indra_biblioteca`.`copia` (`id`, `estado`, `fk_libro`) VALUES ('1', '1', '1');
INSERT INTO `indra_biblioteca`.`copia` (`id`, `estado`, `fk_libro`) VALUES ('2', '1', '2');
INSERT INTO `indra_biblioteca`.`copia` (`id`, `estado`, `fk_libro`) VALUES ('3', '2', '1');
INSERT INTO `indra_biblioteca`.`copia` (`id`, `estado`, `fk_libro`) VALUES ('4', '3', '4');
INSERT INTO `indra_biblioteca`.`copia` (`id`, `estado`, `fk_libro`) VALUES ('5', '1', '5');
INSERT INTO `indra_biblioteca`.`copia` (`id`, `estado`, `fk_libro`) VALUES ('6', '3', '1');
INSERT INTO `indra_biblioteca`.`copia` (`id`, `estado`, `fk_libro`) VALUES ('7', '3', '7');
INSERT INTO `indra_biblioteca`.`copia` (`id`, `estado`, `fk_libro`) VALUES ('8', '2', '6');
INSERT INTO `indra_biblioteca`.`copia` (`id`, `estado`, `fk_libro`) VALUES ('9', '2', '5');
INSERT INTO `indra_biblioteca`.`copia` (`id`, `estado`, `fk_libro`) VALUES ('10', '3', '3');
INSERT INTO `indra_biblioteca`.`prestamo` (`id`, `fin`, `inicio`, `fk_copia`, `fk_lector`) VALUES ('1', '2022-01-01', '2022-01-01', '1', '1');
INSERT INTO `indra_biblioteca`.`prestamo` (`id`, `fin`, `inicio`, `fk_copia`, `fk_lector`) VALUES ('2', '2022-02-01', '2022-01-29', '1', '2');
INSERT INTO `indra_biblioteca`.`prestamo` (`id`, `fin`, `inicio`, `fk_copia`, `fk_lector`) VALUES ('3', '2022-03-20', '2022-03-15', '2', '3');
INSERT INTO `indra_biblioteca`.`prestamo` (`id`, `fin`, `inicio`, `fk_copia`, `fk_lector`) VALUES ('4', '2022-03-29', '2022-03-25', '2', '1');
INSERT INTO `indra_biblioteca`.`prestamo` (`id`, `fin`, `inicio`, `fk_copia`, `fk_lector`) VALUES ('5', '2022-04-20', '2022-04-10', '3', '3');
