INSERT INTO `indra2022`.`tipo_libro` (`tipo_libro`) VALUES ('Novela');
INSERT INTO `indra2022`.`tipo_libro` (`tipo_libro`) VALUES ('Teatro');
INSERT INTO `indra2022`.`tipo_libro` (`tipo_libro`) VALUES ('Poesia');
INSERT INTO `indra2022`.`tipo_libro` (`tipo_libro`) VALUES ('Ensayo');
INSERT INTO `indra2022`.`autor` (`id`,`fecha_nacimiento`, `nacionalidad`, `nombre`) VALUES ('1','1990-04-01', 'Español', 'Fernando J');
INSERT INTO `indra2022`.`autor` (`id`,`fecha_nacimiento`, `nacionalidad`, `nombre`) VALUES ('2','200-08-04', 'Italiano', 'Mario K');
INSERT INTO `indra2022`.`autor` (`id`,`fecha_nacimiento`, `nacionalidad`, `nombre`) VALUES ('3','1992-07-08', 'Español', 'Antonio M');
INSERT INTO `indra2022`.`autor` (`id`,`fecha_nacimiento`, `nacionalidad`, `nombre`) VALUES ('4','1900-04-12', 'Frances', 'Lira B');
INSERT INTO `indra2022`.`autor` (`id`,`fecha_nacimiento`, `nacionalidad`, `nombre`) VALUES ('5','1950-09-22', 'Italiano', 'Luigi K');
INSERT INTO `indra2022`.`autor` (`id`,`fecha_nacimiento`, `nacionalidad`, `nombre`) VALUES ('6','1960-11-16', 'Italiano', 'Peach K');
INSERT INTO `indra2022`.`autor` (`id`,`fecha_nacimiento`, `nacionalidad`, `nombre`) VALUES ('7','2001-06-18', 'Español', 'Maria F');
INSERT INTO `indra2022`.`autor` (`id`,`fecha_nacimiento`, `nacionalidad`, `nombre`) VALUES ('8','2004-02-26', 'Italiano', 'Fermin T');
INSERT INTO `indra2022`.`autor` (`id`,`fecha_nacimiento`, `nacionalidad`, `nombre`) VALUES ('9','1992-05-28', 'Frances', 'Marian W');
INSERT INTO `indra2022`.`autor` (`id`,`fecha_nacimiento`, `nacionalidad`, `nombre`) VALUES ('10','1987-01-11', 'Español', 'Luis M');
INSERT INTO `indra2022`.`autor` (`id`,`fecha_nacimiento`, `nacionalidad`, `nombre`) VALUES ('11','1980-03-25', 'Italiano', 'Margarita K');
INSERT INTO `indra2022`.`autor` (`id`,`fecha_nacimiento`, `nacionalidad`, `nombre`) VALUES ('12','1974-12-01', 'Frances', 'Luis G');
INSERT INTO `indra2022`.`autor` (`id`,`fecha_nacimiento`, `nacionalidad`, `nombre`) VALUES ('13','1968-11-03', 'Italiano', 'Fernando K');
INSERT INTO `indra2022`.`autor` (`id`,`fecha_nacimiento`, `nacionalidad`, `nombre`) VALUES ('14','1969-07-11', 'Español', 'Jesus F');
INSERT INTO `indra2022`.`autor` (`id`,`fecha_nacimiento`, `nacionalidad`, `nombre`) VALUES ('15','1957-10-17', 'Italiano', 'Manu K');
INSERT INTO `indra2022`.`libro` (`id`,`anyo`, `editorial`, `titulo`, `fk_autor`,`fk_tipo_libro`) VALUES ('1','2001', 'Susaya', 'Lo que el viento se llevo ', '1', '1');
INSERT INTO `indra2022`.`libro` (`id`,`anyo`, `editorial`, `titulo`, `fk_autor`, `fk_tipo_libro`) VALUES ('2','2002', 'Arisa', 'Mil formas de morir', '2', '2');
INSERT INTO `indra2022`.`libro` (`id`,`anyo`, `editorial`, `titulo`, `fk_autor`, `fk_tipo_libro`) VALUES ('3','2002', 'Airas', 'Mil formas de vivir', '2', '2');
INSERT INTO `indra2022`.`libro` (`id`,`anyo`, `editorial`, `titulo`, `fk_autor`, `fk_tipo_libro`) VALUES ('4','2005', 'ED', 'El tonto, el malo y el guapo', '4', '3');
INSERT INTO `indra2022`.`libro` (`id`,`anyo`, `editorial`, `titulo`, `fk_autor`, `fk_tipo_libro`) VALUES ('5','2006', 'Marin', 'Dispara', '7', '4');
INSERT INTO `indra2022`.`libro` (`id`,`anyo`, `editorial`, `titulo`, `fk_autor`, `fk_tipo_libro`) VALUES ('6','2007', 'Elmo', 'Revienta', '7', '4');
INSERT INTO `indra2022`.`libro` (`id`,`anyo`, `editorial`, `titulo`, `fk_autor`, `fk_tipo_libro`) VALUES ('7','2008', 'Daos', 'Como ser millonario', '6', '1');
INSERT INTO `indra2022`.`libro` (`id`,`anyo`, `editorial`, `titulo`, `fk_autor`, `fk_tipo_libro`) VALUES ('8','2010', 'Susaya', 'Como adelgazar', '5', '2');
INSERT INTO `indra2022`.`libro` (`id`,`anyo`, `editorial`, `titulo`, `fk_autor`, `fk_tipo_libro`) VALUES ('9','2012', 'Susaya', 'Aprende ingles en 2 minutos', '8', '3');
INSERT INTO `indra2022`.`libro` (`id`,`anyo`, `editorial`, `titulo`, `fk_autor`, `fk_tipo_libro`) VALUES ('10','2014', 'Elmo', 'La super', '3', '3');
INSERT INTO `indra2022`.`libro` (`id`,`anyo`, `editorial`, `titulo`, `fk_autor`, `fk_tipo_libro`) VALUES ('11','2017', 'Susaya', 'Piensa primero', '9', '4');
INSERT INTO `indra2022`.`libro` (`id`,`anyo`, `editorial`, `titulo`, `fk_autor`, `fk_tipo_libro`) VALUES ('12','2019', 'Airas', 'Dispara sin mirar', '11', '4');
INSERT INTO `indra2022`.`libro` (`id`,`anyo`, `editorial`, `titulo`, `fk_autor`, `fk_tipo_libro`) VALUES ('13','2020', 'Susaya', 'Vive primero', '12', '2');
INSERT INTO `indra2022`.`libro` (`id`,`anyo`, `editorial`, `titulo`, `fk_autor`, `fk_tipo_libro`) VALUES ('14','2021', 'Airas', 'El exito', '14', '3');
INSERT INTO `indra2022`.`libro` (`id`,`anyo`, `editorial`, `titulo`, `fk_autor`, `fk_tipo_libro`) VALUES ('15','2022', 'Elmo', 'La vida es larga', '13', '4');
